{"train/train_loss": 1.403024709224701, "train/train_iou": 0.9861319910403286, "train/lr": 9.999725846827562e-05, "train/epoch": 1, "_timestamp": 1709892745.786506, "_runtime": 146.4955539703369, "_step": 2, "val/val_iou": 0.9914786945333605, "val/epoch": 1, "val/plot": {"_type": "image-file", "sha256": "8a075d542cb4fc6637c1ea3cc64ba7aeeb816d8480e7d5dfd83fa5f22b7bc067", "size": 34598, "path": "media/images/val/plot_2_8a075d542cb4fc6637c1.png", "format": "png", "width": 2000, "height": 1000}, "_wandb": {"runtime": 194}}