{"inference/plot": {"_type": "image-file", "sha256": "56534eac638574a0153846e60c4b133c02c69364aae659c0cb0f7f29c8435396", "size": 89314, "path": "media/images/inference/plot_118_56534eac638574a01538.png", "format": "png", "width": 2000, "height": 1000}, "_timestamp": 1707469938.2463832, "_runtime": 71.25484418869019, "_step": 119, "inference/Mean Iou": 0.7354625198684669, "inference/Iou for each class": [0.994819240131969, 0.45937144487925785, 0.7521968745941734], "_wandb": {"runtime": 70}}