{"train/train_loss": 0.114838251662958, "train/train_loss_oneclass": 0.0, "train/train_loss_multiclass": 0.0, "train/train_iou_multiclass": 0.0, "train/train_iou_oneclass": 0.6377566263363104, "train/lr": 0.001, "train/epoch": 1, "_timestamp": 1713387564.0434852, "_runtime": 74.16853213310242, "_step": 1, "val/val_iou_multiclass": 0.0, "val/val_iou_oneclass": 0.9215888012728025, "val/epoch": 1}