{"train/train_loss": 0.23749049504597983, "train/lr": 9.99314767377287e-05, "train/epoch": 5, "_timestamp": 1704447008.8488197, "_runtime": 176.4533977508545, "_step": 14, "val/val_loss": 0.3358446918427944, "val/val_iou": 0.6544420447670528, "val/epoch": 5, "train/plot": {"_type": "image-file", "sha256": "0515dd97bccb353ba8d86686440f09d019899e454caebcc0ddc5e26e93eb2d88", "size": 93620, "path": "media/images/train/plot_14_0515dd97bccb353ba8d8.png", "format": "png", "width": 2000, "height": 1000}, "_wandb": {"runtime": 183}}