{"train/train_loss": 1.0736138254404068, "train/train_iou": 0.7705097957570228, "train/lr": 9.999725846827562e-05, "train/epoch": 1, "_timestamp": 1707472716.5381494, "_runtime": 97.66944432258606, "_step": 2, "val/val_loss": 0.7227613031864166, "val/val_iou": 0.6673041917559871, "val/epoch": 1, "val/plot": {"_type": "image-file", "sha256": "e2697c4534669274be9ccc7f05a1fec0e33f59040571306ee00b76dd28fe0486", "size": 91734, "path": "media/images/val/plot_2_e2697c4534669274be9c.png", "format": "png", "width": 2000, "height": 1000}, "_wandb": {"runtime": 120}}