{"train/train_loss": 1.381623423099518, "train/train_iou": 0.9973903032414999, "train/lr": 9.995614150494293e-05, "train/epoch": 4, "_timestamp": 1709891716.0461526, "_runtime": 340.486882686615, "_step": 11, "val/val_iou": 0.9928255882618751, "val/epoch": 4, "val/plot": {"_type": "image-file", "sha256": "756e532c43174ed1f22eafb9a67f72bc85c48a29827a61be101b64b2c2de7f81", "size": 73393, "path": "media/images/val/plot_11_756e532c43174ed1f22e.png", "format": "png", "width": 2000, "height": 1000}, "_wandb": {"runtime": 373}}