{"train/train_loss": 0.3841123878955841, "train/train_iou": 0.7100161430956204, "train/lr": 9.997532801828658e-05, "train/epoch": 3, "_timestamp": 1711106011.556242, "_runtime": 390.17898893356323, "_step": 8, "val/val_iou": 0.7068709921772162, "val/epoch": 3, "val/plot": {"_type": "image-file", "sha256": "03c3b320a2c27d7f4286e772a06578b030b35577345d2d65dd2935003514cd0a", "size": 68852, "path": "media/images/val/plot_8_03c3b320a2c27d7f4286.png", "format": "png", "width": 2000, "height": 1000}}