{"train/train_loss": 0.20199827179312707, "train/train_iou": 0.49560936682426915, "train/lr": 9.901355873108609e-05, "train/epoch": 19, "_timestamp": 1709118616.5603526, "_runtime": 394.24406456947327, "_step": 56, "val/val_iou": 0.6206839271382609, "val/epoch": 19, "val/plot": {"_type": "image-file", "sha256": "f85e2dee7f82e7872a346f2e23862b1d4675e200d65eff90bc8593e8cbbe2f87", "size": 84504, "path": "media/images/val/plot_56_f85e2dee7f82e7872a34.png", "format": "png", "width": 2000, "height": 1000}, "_wandb": {"runtime": 399}}