{"train/train_loss": 0.5371358722448349, "train/train_iou": 0.6518534373462621, "train/lr": 9.997532801828658e-05, "train/epoch": 3, "_timestamp": 1705677066.6410875, "_runtime": 206.26291155815125, "_step": 11, "val/val_loss": 0.4592752307653427, "val/val_iou": 0.64240716366978, "val/epoch": 3, "train/plot": {"_type": "image-file", "sha256": "ee7d9a67f71f69ecc6cecaa2ab96de34fb732bf1cf863ec135a76184e7d8fe72", "size": 114321, "path": "media/images/train/plot_10_ee7d9a67f71f69ecc6ce.png", "format": "png", "width": 2000, "height": 1000}, "val/plot": {"_type": "image-file", "sha256": "ea81cfa70247edfc0812a9390180c6a93bbd8b8c74dcef9d1a5d95750c951456", "size": 78081, "path": "media/images/val/plot_11_ea81cfa70247edfc0812.png", "format": "png", "width": 2000, "height": 1000}, "_wandb": {"runtime": 252}}