{"train/train_loss": 0.5061041131615639, "train/train_iou": 0.6629678878621081, "train/lr": 9.997532801828658e-05, "train/epoch": 1, "_timestamp": 1705656450.8895264, "_runtime": 102.26599836349487, "_step": 2, "val/val_loss": 0.5864861011505127, "val/val_iou": 0.6478243517934251, "val/epoch": 1, "train/plot": {"_type": "image-file", "sha256": "4761e89cc8eb2d4ae0458c85269404018e8c14781968896f5176212b1a9b7b15", "size": 133667, "path": "media/images/train/plot_2_4761e89cc8eb2d4ae045.png", "format": "png", "width": 2000, "height": 1000}, "_wandb": {"runtime": 106}}