{"inference/plot": {"_type": "image-file", "sha256": "b5174e508b0f75c0931ee82a05399ce2540b1c0d5ad23998c53d5f23c6e026ac", "size": 82671, "path": "media/images/inference/plot_118_b5174e508b0f75c0931e.png", "format": "png", "width": 2000, "height": 1000}, "_timestamp": 1704462041.053735, "_runtime": 67.9230089187622, "_step": 119, "inference/Mean Iou": 0.6850302510986096, "inference/Iou for each class": [0.9944008745187752, 0.3531962524567913, 0.7074936263202622], "_wandb": {"runtime": 66}}