{"train/train_loss": 0.15548940971493722, "train/train_iou": 0.7490932712307223, "train/lr": 9.986572386122291e-05, "train/epoch": 7, "_timestamp": 1709042151.7719023, "_runtime": 235.81927824020386, "_step": 20, "val/val_iou": 0.3367791969371488, "val/epoch": 7, "val/plot": {"_type": "image-file", "sha256": "f140c27600032ebf4222b2ec682207dfe52b2e8a2e28ccf1a9c490d7e7ef84f3", "size": 78925, "path": "media/images/val/plot_20_f140c27600032ebf4222.png", "format": "png", "width": 2000, "height": 1000}, "_wandb": {"runtime": 246}}