{"train/train_loss": 0.903411463730865, "train/lr": 0.0001, "train/epoch": 1, "_timestamp": 1702918824.3122716, "_runtime": 169.72235465049744, "_step": 2, "val/val_loss": 0.9367688074707985, "val/val_iou": 0.706003953231511, "val/epoch": 1, "train/plot": {"_type": "image-file", "sha256": "d0093b45786e9b027d3eacefcc26795e282cab64a56e01025aad331d2150679a", "size": 94351, "path": "media/images/train/plot_2_d0093b45786e9b027d3e.png", "format": "png", "width": 2000, "height": 1000}, "_wandb": {"runtime": 169}}