{"train/train_loss": 0.1234870267411073, "train/train_iou": 0.27849324409787507, "train/lr": 9.93844170297569e-05, "train/epoch": 5, "_timestamp": 1705058459.3201735, "_runtime": 211.58698439598083, "_step": 14, "val/val_loss": 0.14010796882212162, "val/val_iou": 0.29312234547476856, "val/epoch": 5, "train/plot": {"_type": "image-file", "sha256": "b31893efc0aa51fd7a7071a3b502655599d35d4dfc57d0c0becf5d7fe8485ca6", "size": 103708, "path": "media/images/train/plot_14_b31893efc0aa51fd7a70.png", "format": "png", "width": 2000, "height": 1000}, "_wandb": {"runtime": 227}}