{"train/train_loss": 0.07319676540791989, "train/train_iou": 0.7490755155489043, "train/lr": 9.995614150494293e-05, "train/epoch": 4, "_timestamp": 1708691287.2278528, "_runtime": 156.74033093452454, "_step": 11, "val/val_iou": 0.7498279918323864, "val/epoch": 4, "val/plot": {"_type": "image-file", "sha256": "299c78b8530e98e4e0dd74f7b3f95d9e6e5c832c24c153162c0696b3f0afe40a", "size": 114331, "path": "media/images/val/plot_11_299c78b8530e98e4e0dd.png", "format": "png", "width": 2000, "height": 1000}, "_wandb": {"runtime": 172}}