{"inference/plot": {"_type": "image-file", "sha256": "956479f7c57683b5adcc50b641336c63ba0d430dcd2000a32881e7a755c59b97", "size": 26818, "path": "media/images/inference/plot_118_956479f7c57683b5adcc.png", "format": "png", "width": 2000, "height": 1000}, "_timestamp": 1709286592.817382, "_runtime": 77.10963416099548, "_step": 119, "inference/Mean Iou": 0.6637434568885754, "inference/Iou for each class": [0.995987157404569, 0.575810406351851, 0.7516765074252997], "_wandb": {"runtime": 75}}