{"train/train_loss": 1.1242115378379822, "train/train_loss_oneclass": 0.5195883572101593, "train/train_loss_multiclass": 0.6046231925487519, "train/train_iou_multiclass": 0.6146580761171299, "train/train_iou_oneclass": 0.8672146812352258, "train/lr": 9.990133642141359e-05, "train/epoch": 6, "_timestamp": 1712929795.3176866, "_runtime": 198.61699151992798, "_step": 23, "val/val_iou_multiclass": 0.6979590449927981, "val/val_iou_oneclass": 0.9140115642565745, "val/epoch": 6, "val/plot": {"_type": "image-file", "sha256": "1cd134abf1ff8577ba6860b37e278e98cd32456f87512917a7f8c5e880987897", "size": 131716, "path": "media/images/val/plot_22_1cd134abf1ff8577ba68.png", "format": "png", "width": 2000, "height": 1000}, "val/plot2": {"_type": "image-file", "sha256": "6bf2d911f2235aaba432f9f4029b0cd17e151be9d0399aabd8271538920664be", "size": 185299, "path": "media/images/val/plot2_23_6bf2d911f2235aaba432.png", "format": "png", "width": 2000, "height": 1000}}