{"train/train_loss": -1.9910645484924316, "train/train_iou": 0.9999973238636904, "train/lr": 9.686409947459455e-05, "train/epoch": 34, "_timestamp": 1709851437.618758, "_runtime": 1943.6424539089203, "_step": 101, "val/val_iou": 0.997229495260407, "val/epoch": 34, "val/plot": {"_type": "image-file", "sha256": "af51958b0fa7d276a680dc7240bf8ff35b5c3b785a74b6f69168ddcfa9bf1d1c", "size": 33984, "path": "media/images/val/plot_101_af51958b0fa7d276a680.png", "format": "png", "width": 2000, "height": 1000}, "_wandb": {"runtime": 1958}}