{"inference/Mean Iou oneclass (annotator1)": 0.6161045596133524, "inference/Iou for each class oneclass (annotator1)": [0.9953161713252294, 0.6161045596133524], "inference/Mean Iou oneclass (annotator2)": 0.5404680478635427, "inference/Iou for each class oneclass (annotator2)": [0.9946780849591951, 0.5404680478635427], "inference/Mean Iou oneclass (intersection)": 0.5423413202212185, "inference/Iou for each class oneclass (intersection)": [0.9953398548031992, 0.5423413202212185], "inference/Mean Iou oneclass (union)": 0.608146927006163, "inference/Iou for each class oneclass (union)": [0.9946523323817139, 0.608146927006163], "inference/Mean Iou oneclass (feeling lucky)": 0.577916531181399, "inference/Iou for each class oneclass (feeling lucky)": [0.9950029455060498, 0.577916531181399], "inference/Mean Iou multiclass (annotator1)": 0.6282316364944796, "inference/Iou for each class multiclass (annotator1)": [0.994887534697705, 0.4977667885691824, 0.7586964844197768], "inference/Mean Iou multiclass (annotator2)": 0.5743527731612461, "inference/Iou for each class multiclass (annotator2)": [0.994057525859315, 0.38860108441949737, 0.7601044619029949], "inference/Mean Iou multiclass (intersection)": 0.5433811844072639, "inference/Iou for each class multiclass (intersection)": [0.9941397275406063, 0.3404868075131558, 0.746275561301372], "inference/Mean Iou multiclass (union)": 0.6467037718822146, "inference/Iou for each class multiclass (union)": [0.9946335137799364, 0.522210760580684, 0.7711967831837451], "inference/Mean Iou multiclass (feeling lucky)": 0.599043876853162, "inference/Iou for each class multiclass (feeling lucky)": [0.9944134533812719, 0.4397327770893143, 0.7583549766170096], "_timestamp": 1713250141.3486302, "_runtime": 75.79626107215881, "_step": 0, "_wandb": {"runtime": 74}}