{"train/train_loss": 0.030808554776012898, "train/train_iou": 0.7490821739295861, "train/lr": 9.986572386122291e-05, "train/epoch": 7, "_timestamp": 1708693934.5792303, "_runtime": 244.36978435516357, "_step": 20, "val/val_iou": 0.23574240996108875, "val/epoch": 7, "val/plot": {"_type": "image-file", "sha256": "25ed5d890b9ca09fe3a2612744e6f481146203e5465d7527f73e01b0d6a6a97f", "size": 139932, "path": "media/images/val/plot_20_25ed5d890b9ca09fe3a2.png", "format": "png", "width": 2000, "height": 1000}, "_wandb": {"runtime": 247}}