{"inference/plot": {"_type": "image-file", "sha256": "a458490ec0bb8d40f3abf6891e4b854dd7af50c6ebb58bc52c4239433471ffdb", "size": 83260, "path": "media/images/inference/plot_118_a458490ec0bb8d40f3ab.png", "format": "png", "width": 2000, "height": 1000}, "_timestamp": 1702752334.5596228, "_runtime": 80.69263577461243, "_step": 119, "inference/Mean Iou": 0.6773271685372809, "inference/Iou for each class": [0.9943507304604573, 0.3982174380664104, 0.6394133370849747], "_wandb": {"runtime": 79}}