{"train/train_loss": 0.43116849660873413, "train/train_iou": 0.9586581343536157, "train/lr": 9.966863828001983e-05, "train/epoch": 11, "_timestamp": 1712841638.9281323, "_runtime": 682.0319132804871, "_step": 32, "val/val_iou": 0.9691393875991139, "val/epoch": 11, "val/plot": {"_type": "image-file", "sha256": "b2839840eaf3ca8df7b7413183b1b174f359dc7ec493935e547f4de00a5a5fa4", "size": 88233, "path": "media/images/val/plot_32_b2839840eaf3ca8df7b7.png", "format": "png", "width": 2000, "height": 1000}}