{"train/train_loss": 0.06849544569849968, "train/train_iou": 0.7490945394937094, "train/lr": 9.997532801828658e-05, "train/epoch": 3, "_timestamp": 1708691842.360308, "_runtime": 131.14873003959656, "_step": 8, "val/val_iou": 0.7498279918323864, "val/epoch": 3, "val/plot": {"_type": "image-file", "sha256": "2203aa43c35b3792f13c6932e7b6afe7db7dbafc0d37f83f846f0567e5aa68b9", "size": 97994, "path": "media/images/val/plot_8_2203aa43c35b3792f13c.png", "format": "png", "width": 2000, "height": 1000}, "_wandb": {"runtime": 143}}