{"train/train_loss": 0.23114883601665498, "train/train_iou_multiclass": 0.35511773510935096, "train/train_iou_oneclass": 0.3482073085783154, "train/lr": 9.972609476841367e-05, "train/epoch": 10, "_timestamp": 1712906469.9480689, "_runtime": 319.3971269130707, "_step": 39, "val/val_iou_multiclass": 0.43126845035152694, "val/val_iou_oneclass": 0.4937328030430081, "val/epoch": 10, "val/plot": {"_type": "image-file", "sha256": "0986eba60062ef1b19677f4ca3b8d74587db75fa456873c6840a5feb89b62bbb", "size": 89142, "path": "media/images/val/plot_38_0986eba60062ef1b1967.png", "format": "png", "width": 2000, "height": 1000}, "val/plot2": {"_type": "image-file", "sha256": "ff973b942047e9d037e71f3b2da8269940a727bc70a8bde91965b8f65f917017", "size": 88751, "path": "media/images/val/plot2_39_ff973b942047e9d037e7.png", "format": "png", "width": 2000, "height": 1000}}