{"inference/plot": {"_type": "image-file", "sha256": "fd716d74d864a4005943a5dfa090db61d75d4a57d2639a0e4fadf8abb07a960a", "size": 80429, "path": "media/images/inference/plot_118_fd716d74d864a4005943.png", "format": "png", "width": 2000, "height": 1000}, "_timestamp": 1702811286.0574775, "_runtime": 81.81894159317017, "_step": 119, "inference/Mean Iou": 0.6117100172723758, "inference/Iou for each class": [0.9948194881418274, 0.2701217093457414, 0.5701888543295586], "_wandb": {"runtime": 80}}