{"train/train_loss": 0.9651444595721033, "train/lr": 9.999725846827562e-05, "train/epoch": 1, "_timestamp": 1702997140.499821, "_runtime": 88.77757787704468, "_step": 2, "val/val_loss": 0.8872064799070358, "val/val_iou": 0.6567115576215374, "val/epoch": 1, "train/plot": {"_type": "image-file", "sha256": "44b7cebbfd50efe76962b74f43bb092f232a961009f6e8a12a1a559b246b11df", "size": 80931, "path": "media/images/train/plot_2_44b7cebbfd50efe76962.png", "format": "png", "width": 2000, "height": 1000}, "_wandb": {"runtime": 88}}