{"train/train_loss": 0.6457900098628468, "train/lr": 9.966863828001983e-05, "train/epoch": 11, "_timestamp": 1704445150.401612, "_runtime": 440.5039310455322, "_step": 32, "val/val_loss": 0.6461205929517746, "val/val_iou": 0.6515622932804781, "val/epoch": 11, "train/plot": {"_type": "image-file", "sha256": "82e103aa23a72b91c36421c26d64d6fe734be92f99d822a2fa54602ad21603f8", "size": 77527, "path": "media/images/train/plot_32_82e103aa23a72b91c364.png", "format": "png", "width": 2000, "height": 1000}, "_wandb": {"runtime": 464}}