{"inference/plot": {"_type": "image-file", "sha256": "32132f10f276fb795e0f04960aec55b826ee1003a37cacf39306406c9a274e15", "size": 92931, "path": "media/images/inference/plot_118_32132f10f276fb795e0f.png", "format": "png", "width": 2000, "height": 1000}, "_timestamp": 1707480929.5492277, "_runtime": 71.32913374900818, "_step": 119, "inference/Mean Iou": 0.6669635573791645, "inference/Iou for each class": [0.9937175952500908, 0.38374343838849734, 0.623429638498905], "_wandb": {"runtime": 70}}