{"inference/plot": {"_type": "image-file", "sha256": "a7d4c6be8127357e488f8a710bf219f22ed117fb5868f44d81b29d0bf30e075c", "size": 89268, "path": "media/images/inference/plot_118_a7d4c6be8127357e488f.png", "format": "png", "width": 2000, "height": 1000}, "_timestamp": 1709287977.102146, "_runtime": 82.1940598487854, "_step": 119, "inference/Mean Iou": 0.5409089926238291, "inference/Iou for each class": [0.9954935144775663, 0.3455121040717564, 0.7363058811759017], "_wandb": {"runtime": 81}}