{"inference/plot": {"_type": "image-file", "sha256": "1ee408f22fcffb5512a4857e16e3ce40c2bc889f7e8b0f538e94a64adba48f96", "size": 27013, "path": "media/images/inference/plot_118_1ee408f22fcffb5512a4.png", "format": "png", "width": 2000, "height": 1000}, "_timestamp": 1709286969.5062077, "_runtime": 76.74153280258179, "_step": 119, "inference/Mean Iou": 0.6596456017067689, "inference/Iou for each class": [0.995944157496214, 0.5764144075435069, 0.7428767958700307], "_wandb": {"runtime": 75}}