{"train/train_loss": 0.06996407136321067, "train/train_loss_oneclass": 0.0233157804235816, "train/train_loss_multiclass": 0.046648291125893596, "train/train_iou_multiclass": 0.2631494805566474, "train/train_iou_oneclass": 0.24694775633226546, "train/lr": 9.890738003669028e-05, "train/epoch": 20, "_timestamp": 1712929269.4726913, "_runtime": 520.0432693958282, "_step": 79, "val/val_iou_multiclass": 0.47771733641535935, "val/val_iou_oneclass": 0.5377365444753612, "val/epoch": 20, "val/plot": {"_type": "image-file", "sha256": "d942140634dd06bd964b15e2bb463ed187cfa628ca212c2835a1f11473a1c67d", "size": 103345, "path": "media/images/val/plot_78_d942140634dd06bd964b.png", "format": "png", "width": 2000, "height": 1000}, "val/plot2": {"_type": "image-file", "sha256": "75dc1dd48e8a8c8fc045cec7f50d4a659e3f2e07e0d39d2fb9aff43e31543133", "size": 102631, "path": "media/images/val/plot2_79_75dc1dd48e8a8c8fc045.png", "format": "png", "width": 2000, "height": 1000}}