{"train/train_loss": 0.03724532574415207, "train/train_iou": 0.7490986613484174, "train/lr": 9.966863828001983e-05, "train/epoch": 11, "_timestamp": 1708692647.015586, "_runtime": 341.1593577861786, "_step": 32, "val/val_iou": 0.7498279918323864, "val/epoch": 11, "val/plot": {"_type": "image-file", "sha256": "395ce9156c72ccee842d165a3976dbda2f11b9c4336f0a814bc9aef1766a1715", "size": 76318, "path": "media/images/val/plot_32_395ce9156c72ccee842d.png", "format": "png", "width": 2000, "height": 1000}, "_wandb": {"runtime": 344}}