{"train/train_loss": 0.9438357435994678, "train/lr": 9.999725846827562e-05, "train/epoch": 1, "_timestamp": 1702996893.7093205, "_runtime": 87.43910264968872, "_step": 2, "val/val_loss": 0.8878113254904747, "val/val_iou": 0.503237718393414, "val/epoch": 1, "train/plot": {"_type": "image-file", "sha256": "2c2396ea486881e821e0c4d0e74ee37114f13506e6533ba395ef618b1b426ac1", "size": 116677, "path": "media/images/train/plot_2_2c2396ea486881e821e0.png", "format": "png", "width": 2000, "height": 1000}, "_wandb": {"runtime": 85}}