{"train/train_loss": 0.6057062149047852, "train/train_iou": 0.8684505836379793, "train/lr": 9.999725846827562e-05, "train/epoch": 1, "_timestamp": 1709304006.4571455, "_runtime": 110.37779951095581, "_step": 2, "val/val_iou": 0.7735920037625134, "val/epoch": 1, "val/plot": {"_type": "image-file", "sha256": "e94c3ddf7baa413a4cd8a887b0b4fd0c7796c4301efb4a7f39f77ba0545dbaba", "size": 89124, "path": "media/images/val/plot_2_e94c3ddf7baa413a4cd8.png", "format": "png", "width": 2000, "height": 1000}, "_wandb": {"runtime": 157}}