{"train/train_loss": 0.06207424607127905, "train/train_iou": 0.7490881981787744, "train/lr": 9.99314767377287e-05, "train/epoch": 5, "_timestamp": 1708692190.519536, "_runtime": 185.05067610740662, "_step": 14, "val/val_iou": 0.7473810369318181, "val/epoch": 5, "val/plot": {"_type": "image-file", "sha256": "6e4bee4f5b5cbd7d435b73fbb81536ced4b324cdf885cd7a3a3daf078095c7d5", "size": 89471, "path": "media/images/val/plot_14_6e4bee4f5b5cbd7d435b.png", "format": "png", "width": 2000, "height": 1000}, "_wandb": {"runtime": 198}}