{"inference/plot": {"_type": "image-file", "sha256": "500f7cda0c5ada108e3783ea6c0ebae7ad85a9acf8de2bf635ce7bf8c05f12ec", "size": 89586, "path": "media/images/inference/plot_118_500f7cda0c5ada108e37.png", "format": "png", "width": 2000, "height": 1000}, "_timestamp": 1705070412.776617, "_runtime": 70.82635807991028, "_step": 119, "inference/Mean Iou": 0.732824845099422, "inference/Iou for each class": [0.99498693296948, 0.4648193713438381, 0.7386682309849482], "_wandb": {"runtime": 69}}