{"train/train_loss": 1.7940614461898803, "train/train_iou": 0.985478012596362, "train/lr": 9.999725846827562e-05, "train/epoch": 1, "_timestamp": 1712856211.9124382, "_runtime": 110.57176303863525, "_step": 0}