{"inference/Mean Iou oneclass (annotator1)": 0.5359953639433872, "inference/Iou for each class oneclass (annotator1)": [0.9897014967544076, 0.5359953639433872], "inference/Mean Iou oneclass (annotator2)": 0.47760532953344975, "inference/Iou for each class oneclass (annotator2)": [0.9893597257833492, 0.47760532953344975], "inference/Mean Iou oneclass (intersection)": 0.49189026114697526, "inference/Iou for each class oneclass (intersection)": [0.9903002990071679, 0.49189026114697526], "inference/Mean Iou oneclass (union)": 0.520090006757357, "inference/Iou for each class oneclass (union)": [0.9887582862848125, 0.520090006757357], "inference/Mean Iou oneclass (feeling lucky)": 0.5061972727700366, "inference/Iou for each class oneclass (feeling lucky)": [0.9895238279119223, 0.5061972727700366], "inference/Mean Iou multiclass (annotator1)": 0.558608636975851, "inference/Iou for each class multiclass (annotator1)": [0.9882550257663656, 0.41643138921031986, 0.7007858847413819], "inference/Mean Iou multiclass (annotator2)": 0.5091909896977433, "inference/Iou for each class multiclass (annotator2)": [0.9877681822685647, 0.32564296810336735, 0.6927390112921195], "inference/Mean Iou multiclass (intersection)": 0.49983263015176604, "inference/Iou for each class multiclass (intersection)": [0.9884390414043842, 0.311016903381334, 0.6886483569221981], "inference/Mean Iou multiclass (union)": 0.5596060756354517, "inference/Iou for each class multiclass (union)": [0.9874641924216734, 0.4147320433244588, 0.7044801079464447], "inference/Mean Iou multiclass (feeling lucky)": 0.5326366437545844, "inference/Iou for each class multiclass (feeling lucky)": [0.9879795324488571, 0.36958494430980243, 0.6956883431993663], "inference/Optimal threshold multiclass": 0.437007874250412, "inference/Optimal IoU multiclass": 0.5598234685880921, "inference/Optimal threshold oneclass": 0.27952754497528076, "inference/Optimal IoU oneclass": 0.5418138560183735, "_timestamp": 1713274590.8586895, "_runtime": 193.51057243347168, "_step": 0, "_wandb": {"runtime": 192}}