{"train/train_loss": 0.4375449255108833, "train/train_iou_multiclass": 0.0, "train/train_iou_oneclass": 0.9111360974501161, "train/lr": 9.999725846827562e-05, "train/epoch": 1, "_timestamp": 1712873217.0521152, "_runtime": 76.57199430465698, "_step": 0}