{"train/train_loss": 0.25255530402064325, "train/train_iou": 0.7490809056665991, "train/lr": 9.966863828001983e-05, "train/epoch": 11, "_timestamp": 1709038423.914405, "_runtime": 325.9028830528259, "_step": 32, "val/val_iou": 0.005651725604376434, "val/epoch": 11, "val/plot": {"_type": "image-file", "sha256": "4d3d7c7d248a90df489181e073fbfb6494201299070b87766dc329842e9e4f35", "size": 73347, "path": "media/images/val/plot_32_4d3d7c7d248a90df4891.png", "format": "png", "width": 2000, "height": 1000}, "_wandb": {"runtime": 345}}