{"inference/Mean Iou oneclass (annotator1)": 0.6137775722521117, "inference/Iou for each class oneclass (annotator1)": [0.9953970081501401, 0.6137775722521117], "inference/Mean Iou oneclass (annotator2)": 0.5378378772785342, "inference/Iou for each class oneclass (annotator2)": [0.9948014362805594, 0.5378378772785342], "inference/Mean Iou oneclass (intersection)": 0.5425493206907298, "inference/Iou for each class oneclass (intersection)": [0.9954809726344563, 0.5425493206907298], "inference/Mean Iou oneclass (union)": 0.6035528499723899, "inference/Iou for each class oneclass (union)": [0.9947154264601369, 0.6035528499723899], "inference/Mean Iou oneclass (feeling lucky)": 0.5749854642941449, "inference/Iou for each class oneclass (feeling lucky)": [0.9950987194614828, 0.5749854642941449], "inference/Mean Iou multiclass (annotator1)": 0.6220896061456078, "inference/Iou for each class multiclass (annotator1)": [0.9948313481890169, 0.4942966717836109, 0.7498825405076048], "inference/Mean Iou multiclass (annotator2)": 0.5633063715936562, "inference/Iou for each class multiclass (annotator2)": [0.9939781231666461, 0.3867839300149877, 0.7398288131723247], "inference/Mean Iou multiclass (intersection)": 0.5335256757829634, "inference/Iou for each class multiclass (intersection)": [0.9940100485720792, 0.33390574457129457, 0.7331456069946322], "inference/Mean Iou multiclass (union)": 0.6404412497775873, "inference/Iou for each class multiclass (union)": [0.9946386417058513, 0.5253779724383524, 0.7555045271168224], "inference/Mean Iou multiclass (feeling lucky)": 0.5911682359550152, "inference/Iou for each class multiclass (feeling lucky)": [0.9943644046939384, 0.43867042612877316, 0.7436660457812572], "inference/Optimal threshold multiclass": 0.5196850299835205, "inference/Optimal IoU multiclass": 0.6225523238509608, "inference/Optimal threshold oneclass": 0.4055117964744568, "inference/Optimal IoU oneclass": 0.617419946453911, "_timestamp": 1713272007.403477, "_runtime": 192.5183708667755, "_step": 0, "_wandb": {"runtime": 191}}