{"train/train_loss": 0.14137940034270285, "train/train_iou": 0.7490780520748783, "train/lr": 9.99314767377287e-05, "train/epoch": 5, "_timestamp": 1709042390.9529502, "_runtime": 183.3951392173767, "_step": 13, "val/val_iou": 0.004870367568790224, "val/epoch": 5, "val/plot": {"_type": "image-file", "sha256": "02a2e66996127065d4da6da71d557ecd3836f3265ac220f34d7d38d04e2e7abd", "size": 84447, "path": "media/images/val/plot_11_02a2e66996127065d4da.png", "format": "png", "width": 2000, "height": 1000}, "_wandb": {"runtime": 182}}