{"inference/plot": {"_type": "image-file", "sha256": "e729d33227e4df20549744921c2c55398ee570c783dfe1e673f4a216596a63a2", "size": 83578, "path": "media/images/inference/plot_118_e729d33227e4df205497.png", "format": "png", "width": 2000, "height": 1000}, "_timestamp": 1705048567.244908, "_runtime": 73.71254014968872, "_step": 119, "inference/Mean Iou": 0.7056329504966826, "inference/Iou for each class": [0.9944092017814347, 0.4197752380801156, 0.7027144116284976], "_wandb": {"runtime": 72}}