{"train/train_loss": 0.7617579566107856, "train/train_iou": 0.6683382111313521, "train/lr": 9.997532801828658e-05, "train/epoch": 1, "_timestamp": 1705058642.7647653, "_runtime": 86.19870829582214, "_step": 2, "val/val_loss": 0.6545788645744324, "val/val_iou": 0.6377674435019494, "val/epoch": 1, "train/plot": {"_type": "image-file", "sha256": "af79af424d44f0b4665f3c94068629c6f74f6a42f5eb0d5fcec7746fdf5a7f94", "size": 92151, "path": "media/images/train/plot_2_af79af424d44f0b4665f.png", "format": "png", "width": 2000, "height": 1000}, "_wandb": {"runtime": 114}}