{"train/train_loss": 1.2826455950737, "train/train_iou": 0.9924914531814919, "train/lr": 9.999725846827562e-05, "train/epoch": 1, "_timestamp": 1709892547.8323722, "_runtime": 148.48740124702454, "_step": 2, "val/val_iou": 0.989958374708323, "val/epoch": 1, "val/plot": {"_type": "image-file", "sha256": "9a772e7b843b1241c4f868632a111655a4ebcc712b77a2607f449ffcea8c374e", "size": 65153, "path": "media/images/val/plot_2_9a772e7b843b1241c4f8.png", "format": "png", "width": 2000, "height": 1000}, "_wandb": {"runtime": 154}}