{"inference/Mean Iou oneclass (annotator1)": 0.5964243258741706, "inference/Iou for each class oneclass (annotator1)": [0.9952599024517621, 0.5964243258741706], "inference/Mean Iou oneclass (annotator2)": 0.5349643366218413, "inference/Iou for each class oneclass (annotator2)": [0.9947885412526578, 0.5349643366218413], "inference/Mean Iou oneclass (intersection)": 0.545756790763258, "inference/Iou for each class oneclass (intersection)": [0.9955529890617799, 0.545756790763258], "inference/Mean Iou oneclass (union)": 0.5827499853992794, "inference/Iou for each class oneclass (union)": [0.9944931127999588, 0.5827499853992794], "inference/Mean Iou oneclass (feeling lucky)": 0.5655804945739783, "inference/Iou for each class oneclass (feeling lucky)": [0.9950320349898418, 0.5655804945739783], "inference/Mean Iou multiclass (annotator1)": 0.6145104437789412, "inference/Iou for each class multiclass (annotator1)": [0.9945133280736215, 0.4842194810715335, 0.7448014064863487], "inference/Mean Iou multiclass (annotator2)": 0.5611403551915372, "inference/Iou for each class multiclass (annotator2)": [0.9937427341443487, 0.38698172016034055, 0.7352989902227337], "inference/Mean Iou multiclass (intersection)": 0.5211214025750556, "inference/Iou for each class multiclass (intersection)": [0.9936064778532768, 0.329876094584079, 0.7123667105660322], "inference/Mean Iou multiclass (union)": 0.6435238755130261, "inference/Iou for each class multiclass (union)": [0.9944720389971359, 0.5207729037311871, 0.7662748472948652], "inference/Mean Iou multiclass (feeling lucky)": 0.587159663335575, "inference/Iou for each class multiclass (feeling lucky)": [0.9940854214846477, 0.4338639551844716, 0.7404553714866784], "inference/Optimal threshold multiclass": 0.6102362275123596, "inference/Optimal IoU multiclass": 0.6192987292402747, "inference/Optimal threshold oneclass": 0.36614173650741577, "inference/Optimal IoU oneclass": 0.6065994413714331, "_timestamp": 1713274890.67965, "_runtime": 189.25989413261414, "_step": 0, "_wandb": {"runtime": 188}}