{"inference/plot": {"_type": "image-file", "sha256": "38094fca8c80bd3359854bcc5fc4e8523590886eae3121d4b0eef608384eb8ce", "size": 82742, "path": "media/images/inference/plot_118_38094fca8c80bd335985.png", "format": "png", "width": 2000, "height": 1000}, "_timestamp": 1705061427.5194092, "_runtime": 70.51725506782532, "_step": 119, "inference/Mean Iou": 0.7204807579539091, "inference/Iou for each class": [0.9946692033646147, 0.422530197487116, 0.7442428730099963], "_wandb": {"runtime": 69}}