{"inference/plot": {"_type": "image-file", "sha256": "63cacf04899b0d78184b7fedde5d799a33e33f42a560e0552df97d116d4eea9d", "size": 90214, "path": "media/images/inference/plot_118_63cacf04899b0d78184b.png", "format": "png", "width": 2000, "height": 1000}, "_timestamp": 1705652529.7300124, "_runtime": 72.38431739807129, "_step": 119, "inference/Mean Iou": 0.7004997393133466, "inference/Iou for each class": [0.9935389570634678, 0.4060326536905508, 0.7019276071860213], "_wandb": {"runtime": 71}}