{"inference/plot": {"_type": "image-file", "sha256": "5f370e95fe63f04ffb1e2675f65422c5373a1f2bbf29b1b44a0b1b38268bc98b", "size": 26757, "path": "media/images/inference/plot_118_5f370e95fe63f04ffb1e.png", "format": "png", "width": 2000, "height": 1000}, "_timestamp": 1709286685.5574672, "_runtime": 77.27343010902405, "_step": 119, "inference/Mean Iou": 0.6710205112825716, "inference/Iou for each class": [0.996265750725799, 0.578539254298045, 0.7635017682670983], "_wandb": {"runtime": 75}}