{"inference/Mean Iou oneclass (annotator1)": 0.48963877066766953, "inference/Iou for each class oneclass (annotator1)": [0.9939179728386054, 0.48963877066766953], "inference/Mean Iou oneclass (annotator2)": 0.44410548629773516, "inference/Iou for each class oneclass (annotator2)": [0.9936888341012633, 0.44410548629773516], "inference/Mean Iou oneclass (intersection)": 0.46787087404448996, "inference/Iou for each class oneclass (intersection)": [0.9947135678586162, 0.46787087404448996], "inference/Mean Iou oneclass (union)": 0.46707471609046414, "inference/Iou for each class oneclass (union)": [0.9928917155170175, 0.46707471609046414], "inference/Mean Iou oneclass (feeling lucky)": 0.46801552106430155, "inference/Iou for each class oneclass (feeling lucky)": [0.9938136307431804, 0.46801552106430155], "inference/Mean Iou multiclass (annotator1)": 0.11295152749956422, "inference/Iou for each class multiclass (annotator1)": [0.9939179728386054, 0.22590305499912844, 0.0], "inference/Mean Iou multiclass (annotator2)": 0.09209210553809323, "inference/Iou for each class multiclass (annotator2)": [0.9936888341012633, 0.18418421107618646, 0.0], "inference/Mean Iou multiclass (intersection)": 0.08422462144818177, "inference/Iou for each class multiclass (intersection)": [0.994588620389286, 0.16844924289636354, 0.0], "inference/Mean Iou multiclass (union)": 0.11056142301278488, "inference/Iou for each class multiclass (union)": [0.9928917155170175, 0.22112284602556975, 0.0], "inference/Mean Iou multiclass (feeling lucky)": 0.10115227900048195, "inference/Iou for each class multiclass (feeling lucky)": [0.993774584451522, 0.2023045580009639, 0.0], "_timestamp": 1713220129.9695916, "_runtime": 75.15611553192139, "_step": 0, "_wandb": {"runtime": 74}}