{"train/train_loss": 0.48857365399599073, "train/train_iou": 0.7490878811130276, "train/lr": 9.995614150494293e-05, "train/epoch": 4, "_timestamp": 1709037924.8585205, "_runtime": 158.50598740577698, "_step": 11, "val/val_iou": 0.6244126124676288, "val/epoch": 4, "val/plot": {"_type": "image-file", "sha256": "6eb359a753e58d2001243a4f81de4e8de0879c696114e6c5b859dc62810d0fb6", "size": 93730, "path": "media/images/val/plot_11_6eb359a753e58d200124.png", "format": "png", "width": 2000, "height": 1000}, "_wandb": {"runtime": 178}}