{"train/train_loss": 0.16585146486759186, "train/train_iou": 0.7490853445870536, "train/lr": 9.999725846827562e-05, "train/epoch": 1, "_timestamp": 1708691613.3067842, "_runtime": 80.99119019508362, "_step": 2, "val/val_iou": 0.7498279918323864, "val/epoch": 1, "val/plot": {"_type": "image-file", "sha256": "f7ce4a83b8d3a5e6149410fc4764be5448a79c79e7d56ed7f0129a1a812fa6fb", "size": 113073, "path": "media/images/val/plot_2_f7ce4a83b8d3a5e61494.png", "format": "png", "width": 2000, "height": 1000}, "_wandb": {"runtime": 98}}