{"inference/plot": {"_type": "image-file", "sha256": "713fe239616ab3d55e47c4d9bb73597c9b7fc8e568a407c84a96aacc1bd0d356", "size": 89097, "path": "media/images/inference/plot_118_713fe239616ab3d55e47.png", "format": "png", "width": 2000, "height": 1000}, "_timestamp": 1709287806.9783993, "_runtime": 80.93308639526367, "_step": 119, "inference/Mean Iou": 0.5334095894929533, "inference/Iou for each class": [0.994948848132282, 0.35992005813953487, 0.7068991208463716], "_wandb": {"runtime": 79}}