{"train/train_loss": 0.19808147847652435, "train/train_iou": 0.3315640746925133, "train/lr": 9.982464296247522e-05, "train/epoch": 8, "_timestamp": 1707472441.4253926, "_runtime": 432.8615975379944, "_step": 23, "val/val_loss": 0.34612251818180084, "val/val_iou": 0.6524959371312318, "val/epoch": 8, "val/plot": {"_type": "image-file", "sha256": "54680860b742c17b74aa0e5f7998d7c177b4b9c0937d12532dba5c8f1fa12868", "size": 119690, "path": "media/images/val/plot_23_54680860b742c17b74aa.png", "format": "png", "width": 2000, "height": 1000}, "_wandb": {"runtime": 466}}