{"inference/plot": {"_type": "image-file", "sha256": "52df2f095fd04fe1a80c28a2641bd078e62725239e99c356b56ecb3d138b7b22", "size": 27750, "path": "media/images/inference/plot_118_52df2f095fd04fe1a80c.png", "format": "png", "width": 2000, "height": 1000}, "_timestamp": 1708005493.7608325, "_runtime": 75.1184594631195, "_step": 119, "inference/Mean Iou": 0.759545879688845, "inference/Iou for each class": [0.9969086140893225, 0.6922837212647123, 0.8268080381129778], "_wandb": {"runtime": 73}}