{"inference/Mean Iou": 0.6034538462468131, "inference/Iou for each class": [0.9952892502197175, 0.4677169586731522, 0.739190733820474, 0.588104340260198], "_timestamp": 1709296965.6807399, "_runtime": 20.897440910339355, "_step": 0, "_wandb": {"runtime": 20}}