{"inference/plot": {"_type": "image-file", "sha256": "6242bc5a759af99118fd6d5efbbfd82beb0970d5ef505244c06747e13f646897", "size": 27703, "path": "media/images/inference/plot_118_6242bc5a759af99118fd.png", "format": "png", "width": 2000, "height": 1000}, "_timestamp": 1709286271.7903638, "_runtime": 76.89647269248962, "_step": 119, "inference/Mean Iou": 0.7031509940863216, "inference/Iou for each class": [0.9962363938368533, 0.650096202773184, 0.7562057853994593], "_wandb": {"runtime": 76}}