{"train/train_loss": 0.28621094673871994, "train/train_loss_oneclass": 0.005263154953718185, "train/train_loss_multiclass": 0.008069009333848954, "train/train_iou_multiclass": 0.4577740401215202, "train/train_iou_oneclass": 0.37626897192483677, "train/lr": 9.9778098230154e-05, "train/epoch": 9, "_timestamp": 1712928706.5123947, "_runtime": 264.7524826526642, "_step": 35, "val/val_iou_multiclass": 0.6799704108319332, "val/val_iou_oneclass": 0.671607276764799, "val/epoch": 9, "val/plot": {"_type": "image-file", "sha256": "7a29d138d9953d6385030cc06c00cf25eb034a658e25f0c52e56e83d194123f0", "size": 96535, "path": "media/images/val/plot_34_7a29d138d9953d638503.png", "format": "png", "width": 2000, "height": 1000}, "val/plot2": {"_type": "image-file", "sha256": "4b8c929160788a9d90ff0ff481a8ef81430f992dd9cd33c52ed58dbf40cf5b72", "size": 99566, "path": "media/images/val/plot2_35_4b8c929160788a9d90ff.png", "format": "png", "width": 2000, "height": 1000}}