{"inference/plot": {"_type": "image-file", "sha256": "b88550d6a7d5a7571ff71b41a42bf9e2dc39f17c488d25cff882f2d44db127c9", "size": 82769, "path": "media/images/inference/plot_118_b88550d6a7d5a7571ff7.png", "format": "png", "width": 2000, "height": 1000}, "_timestamp": 1702943968.957764, "_runtime": 90.32393789291382, "_step": 119, "inference/Mean Iou": 0.6529088276138256, "inference/Iou for each class": [0.9945286268220329, 0.31573914212164134, 0.648458713897803], "_wandb": {"runtime": 89}}