{"inference/plot": {"_type": "image-file", "sha256": "af1c9a8dfed0f803005f2149e59a1ea3132f09a5a46d6a3126bab33d6c896793", "size": 27868, "path": "media/images/inference/plot_118_af1c9a8dfed0f803005f.png", "format": "png", "width": 2000, "height": 1000}, "_timestamp": 1708078459.2507658, "_runtime": 76.49435472488403, "_step": 119, "inference/Mean Iou": 0.7269096219324822, "inference/Iou for each class": [0.9965444646905761, 0.6668873450373606, 0.7869318988276038], "_wandb": {"runtime": 75}}