{"train/train_loss": 0.46753675043582915, "train/train_iou": 0.9997873237186651, "train/lr": 9.9778098230154e-05, "train/epoch": 9, "_timestamp": 1709852083.1459515, "_runtime": 594.3638844490051, "_step": 26, "val/val_iou": 0.9591119909761281, "val/epoch": 9, "val/plot": {"_type": "image-file", "sha256": "282fd2ba77ee3bad1c1de4d339b454dc63c2cc43e8b39a6278a6ecf69db08113", "size": 67056, "path": "media/images/val/plot_26_282fd2ba77ee3bad1c1d.png", "format": "png", "width": 2000, "height": 1000}, "_wandb": {"runtime": 599}}