{"inference/plot": {"_type": "image-file", "sha256": "84fcff197366a49f13ac2e3c71ca13bc168d8af2a2fe782d6285c6ff962e1d6c", "size": 67829, "path": "media/images/inference/plot_118_84fcff197366a49f13ac.png", "format": "png", "width": 2000, "height": 1000}, "_timestamp": 1709292787.045579, "_runtime": 73.27036094665527, "_step": 119, "inference/Mean Iou": 0.5837908224513482, "inference/Iou for each class": [0.9957153791049651, 0.4251875637569346, 0.7423940811457617, 0.5893189536549497], "_wandb": {"runtime": 72}}