{"train/train_loss": 0.889907357096672, "train/train_iou": 0.7530833002428364, "train/lr": 9.999725846827562e-05, "train/epoch": 1, "_timestamp": 1707473119.4264853, "_runtime": 99.25317120552063, "_step": 2, "val/val_loss": 0.770569771528244, "val/val_iou": 0.6673180283066266, "val/epoch": 1, "val/plot": {"_type": "image-file", "sha256": "22ec0ef0dca13ebc0a8479a4eee0765c0251056da57ee2c63f694a5fa5f70e73", "size": 159741, "path": "media/images/val/plot_2_22ec0ef0dca13ebc0a84.png", "format": "png", "width": 2000, "height": 1000}, "_wandb": {"runtime": 133}}