{"train/train_loss": 0.3984996721148491, "train/train_iou": 0.476239935138176, "train/lr": 9.960573506572391e-05, "train/epoch": 4, "_timestamp": 1705662942.3868916, "_runtime": 262.0495855808258, "_step": 11, "val/val_loss": 0.4066919833421707, "val/val_iou": 0.4948603131925858, "val/epoch": 4, "train/plot": {"_type": "image-file", "sha256": "f4e3065933db6f15f574cd4751c257355df7605c7d63bca2056f7fa722e35b89", "size": 122865, "path": "media/images/train/plot_11_f4e3065933db6f15f574.png", "format": "png", "width": 2000, "height": 1000}, "_wandb": {"runtime": 283}}