{"train/train_loss": 0.15629340410232545, "train/train_iou": 0.7985114512994274, "train/lr": 9.966863828001983e-05, "train/epoch": 11, "_timestamp": 1709305415.926454, "_runtime": 671.1864750385284, "_step": 32, "val/val_iou": 0.8051339379665525, "val/epoch": 11, "val/plot": {"_type": "image-file", "sha256": "aef3c56b23a0b09ee00d7500af3510f67b46deb20fbf835d95cdb8a7df02ed45", "size": 86494, "path": "media/images/val/plot_32_aef3c56b23a0b09ee00d.png", "format": "png", "width": 2000, "height": 1000}, "_wandb": {"runtime": 690}}