{"inference/Mean Iou oneclass (annotator1)": 0.5359953639433872, "inference/Iou for each class oneclass (annotator1)": [0.9897014967544076, 0.5359953639433872], "inference/Mean Iou oneclass (annotator2)": 0.47760532953344975, "inference/Iou for each class oneclass (annotator2)": [0.9893597257833492, 0.47760532953344975], "inference/Mean Iou oneclass (intersection)": 0.49189026114697526, "inference/Iou for each class oneclass (intersection)": [0.9903002990071679, 0.49189026114697526], "inference/Mean Iou oneclass (union)": 0.520090006757357, "inference/Iou for each class oneclass (union)": [0.9887582862848125, 0.520090006757357], "inference/Mean Iou oneclass (feeling lucky)": 0.5062613801486093, "inference/Iou for each class oneclass (feeling lucky)": [0.9895326164012297, 0.5062613801486093], "inference/Mean Iou multiclass (annotator1)": 0.558608636975851, "inference/Iou for each class multiclass (annotator1)": [0.9882550257663656, 0.41643138921031986, 0.7007858847413819], "inference/Mean Iou multiclass (annotator2)": 0.5091909896977433, "inference/Iou for each class multiclass (annotator2)": [0.9877681822685647, 0.32564296810336735, 0.6927390112921195], "inference/Mean Iou multiclass (intersection)": 0.49983263015176604, "inference/Iou for each class multiclass (intersection)": [0.9884390414043842, 0.311016903381334, 0.6886483569221981], "inference/Mean Iou multiclass (union)": 0.5596060756354517, "inference/Iou for each class multiclass (union)": [0.9874641924216734, 0.4147320433244588, 0.7044801079464447], "inference/Mean Iou multiclass (feeling lucky)": 0.5332308071422874, "inference/Iou for each class multiclass (feeling lucky)": [0.9879887276932108, 0.37071674067716776, 0.6957448736074071], "_timestamp": 1713224323.5171475, "_runtime": 69.14872455596924, "_step": 0, "_wandb": {"runtime": 68}}