{"train/train_loss": 0.5509644776582718, "train/train_iou": 0.5959050200317906, "train/lr": 9.977809823015401e-05, "train/epoch": 3, "_timestamp": 1705655175.8536596, "_runtime": 198.3948576450348, "_step": 8, "val/val_loss": 0.6791776120662689, "val/val_iou": 0.678008724433872, "val/epoch": 3, "train/plot": {"_type": "image-file", "sha256": "d91c977968d7cab66cb85c1d95a71881dcc84a3590364a6e02b201a7616574fe", "size": 97016, "path": "media/images/train/plot_8_d91c977968d7cab66cb8.png", "format": "png", "width": 2000, "height": 1000}, "_wandb": {"runtime": 206}}