{"inference/plot": {"_type": "image-file", "sha256": "22d020d94bef60954b527b13d4db052e5e5f869f8ce5e7a90820bb4ae09ea460", "size": 89520, "path": "media/images/inference/plot_118_22d020d94bef60954b52.png", "format": "png", "width": 2000, "height": 1000}, "_timestamp": 1705675886.319023, "_runtime": 72.16717100143433, "_step": 119, "inference/Mean Iou": 0.7300371349256952, "inference/Iou for each class": [0.9945336393708962, 0.4501772469766515, 0.7454005184295378], "_wandb": {"runtime": 70}}