{"train/train_loss": 0.4123519541074832, "train/train_iou": 0.5646539050203475, "train/lr": 9.997532801828658e-05, "train/epoch": 1, "_timestamp": 1705065958.823074, "_runtime": 82.37881302833557, "_step": 0, "_wandb": {"runtime": 81}}