{"inference/plot": {"_type": "image-file", "sha256": "feba1412992fe48f2e700f7b022f91be9ba6234631d71af05b8713fcc3e1f37c", "size": 90255, "path": "media/images/inference/plot_118_feba1412992fe48f2e70.png", "format": "png", "width": 2000, "height": 1000}, "_timestamp": 1705662527.401645, "_runtime": 72.34151291847229, "_step": 119, "inference/Mean Iou": 0.7197133915900654, "inference/Iou for each class": [0.9945310251044762, 0.43163321310961267, 0.7329759365561075], "_wandb": {"runtime": 71}}