{"train/train_loss": 1.1153751641511918, "train/train_iou": 0.7794066002759249, "train/lr": 9.999725846827562e-05, "train/epoch": 1, "_timestamp": 1707473354.93163, "_runtime": 99.34389686584473, "_step": 2, "val/val_loss": 0.9414062798023224, "val/val_iou": 0.6695926056498254, "val/epoch": 1, "val/plot": {"_type": "image-file", "sha256": "1f0c97881df0414ac285b4c00ba086af342943f7a44f259b4da6a048349ab3e9", "size": 123566, "path": "media/images/val/plot_2_1f0c97881df0414ac285.png", "format": "png", "width": 2000, "height": 1000}, "_wandb": {"runtime": 140}}