{"inference/plot": {"_type": "image-file", "sha256": "28a13fe4cf40e8888f08944106c2846051829d0f516aa443d04fa506ccb2f6d1", "size": 82964, "path": "media/images/inference/plot_118_28a13fe4cf40e8888f08.png", "format": "png", "width": 2000, "height": 1000}, "_timestamp": 1704461815.519515, "_runtime": 69.81943607330322, "_step": 119, "inference/Mean Iou": 0.6828081032284996, "inference/Iou for each class": [0.9946197205570808, 0.3447829215639242, 0.7090216675644939], "_wandb": {"runtime": 68}}