{"train/train_loss": 0.7787456694576476, "train/lr": 9.986572386122291e-05, "train/epoch": 7, "_timestamp": 1704445502.7504098, "_runtime": 305.2109398841858, "_step": 20, "val/val_loss": 0.7682206779718399, "val/val_iou": 0.5823290067840761, "val/epoch": 7, "train/plot": {"_type": "image-file", "sha256": "e1217b12691801533aed894f05dab281f2dfb4f9149cd5c4142480a340a894a2", "size": 78143, "path": "media/images/train/plot_20_e1217b12691801533aed.png", "format": "png", "width": 2000, "height": 1000}, "_wandb": {"runtime": 312}}