{"inference/plot": {"_type": "image-file", "sha256": "816eabe4721f2a3243520c7809f41ba269affd22d574c5c57ca6fbc4d0bad4e5", "size": 67974, "path": "media/images/inference/plot_118_816eabe4721f2a324352.png", "format": "png", "width": 2000, "height": 1000}, "_timestamp": 1709293158.945723, "_runtime": 77.7539279460907, "_step": 119, "inference/Mean Iou": 0.6034538462468131, "inference/Iou for each class": [0.9952892502197175, 0.4677169586731522, 0.739190733820474, 0.588104340260198], "_wandb": {"runtime": 76}}