{"inference/plot": {"_type": "image-file", "sha256": "8f48626ae977ff14ba3b5499d7ee0ca4288b2ed6ce860087eb2e08f3f90d4b5b", "size": 26850, "path": "media/images/inference/plot_118_8f48626ae977ff14ba3b.png", "format": "png", "width": 2000, "height": 1000}, "_timestamp": 1709286111.3551788, "_runtime": 77.0285918712616, "_step": 119, "inference/Mean Iou": 0.6631938137001843, "inference/Iou for each class": [0.9961425202132406, 0.5571568581695991, 0.7692307692307693], "_wandb": {"runtime": 75}}