{"train/train_loss": 0.392735643684864, "train/train_iou": 0.43663256938835693, "train/lr": 9.982464296247522e-05, "train/epoch": 8, "_timestamp": 1705677592.4460943, "_runtime": 461.3197293281555, "_step": 31, "val/val_loss": 0.40019701421260834, "val/val_iou": 0.42168010740270323, "val/epoch": 8, "train/plot": {"_type": "image-file", "sha256": "c2e315ea0d9d974cc2bf393890181d84e063468c54d489ceffe2e527b141da7c", "size": 99137, "path": "media/images/train/plot_30_c2e315ea0d9d974cc2bf.png", "format": "png", "width": 2000, "height": 1000}, "val/plot": {"_type": "image-file", "sha256": "bb38ee537f8654531be81a9c9c37d8dd96d3d0a0f224b8dd3bbc84f39edd5233", "size": 87152, "path": "media/images/val/plot_31_bb38ee537f8654531be8.png", "format": "png", "width": 2000, "height": 1000}, "_wandb": {"runtime": 466}}