{"train/train_loss": 0.905934002250433, "train/lr": 9.999725846827562e-05, "train/epoch": 1, "_timestamp": 1702996431.687848, "_runtime": 114.34851598739624, "_step": 2, "val/val_loss": 0.8428386151790619, "val/val_iou": 0.6484052932760989, "val/epoch": 1, "train/plot": {"_type": "image-file", "sha256": "7c2ffede5dd3ee6a8ba4936c563e9e4cc8fc8fd9c48aaa3009c6b144e5c796ce", "size": 62285, "path": "media/images/train/plot_2_7c2ffede5dd3ee6a8ba4.png", "format": "png", "width": 2000, "height": 1000}, "_wandb": {"runtime": 113}}