{"train/train_loss": 0.08646740466356277, "train/train_iou": 0.7490834421925732, "train/lr": 9.786597487660334e-05, "train/epoch": 28, "_timestamp": 1709037085.9776, "_runtime": 784.6510810852051, "_step": 83, "val/val_iou": 0.0017717087224907169, "val/epoch": 28, "val/plot": {"_type": "image-file", "sha256": "14061f3b7283c6c40dda72f64fd67e655d0ea43c3533b47c8b4d85d12f5bcf3c", "size": 113057, "path": "media/images/val/plot_83_14061f3b7283c6c40dda.png", "format": "png", "width": 2000, "height": 1000}, "_wandb": {"runtime": 786}}