{"inference/plot": {"_type": "image-file", "sha256": "a2d0a11ccb3b12c083dde3db91e9bc47b0206c91ec56cb4c5fc61607f5ad1957", "size": 83647, "path": "media/images/inference/plot_118_a2d0a11ccb3b12c083dd.png", "format": "png", "width": 2000, "height": 1000}, "_timestamp": 1702767804.4156144, "_runtime": 81.52028131484985, "_step": 119, "inference/Mean Iou": 0.648078477783888, "inference/Iou for each class": [0.9944473504684246, 0.283063921678554, 0.6667241612046856], "_wandb": {"runtime": 80}}