{"inference/plot": {"_type": "image-file", "sha256": "64346743a5004eaf1b1a642c017268a840be1bdfa0d1a0344d8d8318a0b896b3", "size": 89170, "path": "media/images/inference/plot_118_64346743a5004eaf1b1a.png", "format": "png", "width": 2000, "height": 1000}, "_timestamp": 1707469768.5274103, "_runtime": 69.30460238456726, "_step": 119, "inference/Mean Iou": 0.7303798900203585, "inference/Iou for each class": [0.9951157597600886, 0.4543547185870837, 0.7416691917139036], "_wandb": {"runtime": 68}}