{"train/train_loss": 0.5105879858136178, "train/train_iou": 0.6870380866676904, "train/lr": 9.997532801828658e-05, "train/epoch": 1, "_timestamp": 1705652882.9526033, "_runtime": 106.62290835380554, "_step": 2, "val/val_loss": 0.5094969272613525, "val/val_iou": 0.6606287562868416, "val/epoch": 1, "train/plot": {"_type": "image-file", "sha256": "b2256f3ec9a106cda8e05b94ad7cac7f147eb7764d56543618f85d52958c1d96", "size": 93652, "path": "media/images/train/plot_2_b2256f3ec9a106cda8e0.png", "format": "png", "width": 2000, "height": 1000}, "_wandb": {"runtime": 116}}