{"inference/plot": {"_type": "image-file", "sha256": "168c59ab73112a33a59da6caca3342cf75c36f5d434748ef5d6ca67114f4a29b", "size": 66416, "path": "media/images/inference/plot_118_168c59ab73112a33a59d.png", "format": "png", "width": 2000, "height": 1000}, "_timestamp": 1709292545.5439894, "_runtime": 74.51522731781006, "_step": 119, "inference/Mean Iou": 0.5837908224513482, "inference/Iou for each class": [0.9957153791049651, 0.4251875637569346, 0.7423940811457617, 0.5893189536549497], "_wandb": {"runtime": 73}}