{"train/train_loss": -0.34725418537855146, "train/train_iou": 0.9987432300729127, "train/lr": 9.8678945143658e-05, "train/epoch": 22, "_timestamp": 1709844137.0571585, "_runtime": 1299.4585945606232, "_step": 65, "val/val_iou": 0.991395019430747, "val/epoch": 22, "val/plot": {"_type": "image-file", "sha256": "dfc096753328c23a3792a57066be645055136f934328da61c0886b3e1d3538e2", "size": 51866, "path": "media/images/val/plot_65_dfc096753328c23a3792.png", "format": "png", "width": 2000, "height": 1000}, "_wandb": {"runtime": 1349}}