{"inference/plot": {"_type": "image-file", "sha256": "dc0b080f58f74c3bd9cc50532943f569db021a245f7b924d78b611e9fdd739d7", "size": 27616, "path": "media/images/inference/plot_118_dc0b080f58f74c3bd9cc.png", "format": "png", "width": 2000, "height": 1000}, "_timestamp": 1708078326.1638484, "_runtime": 73.88287138938904, "_step": 119, "inference/Mean Iou": 0.7318930983084551, "inference/Iou for each class": [0.9966065378926304, 0.6708373320055734, 0.7929488646113367], "_wandb": {"runtime": 72}}