{"inference/plot": {"_type": "image-file", "sha256": "fd87df0cc940eb5bfbe0742112100dc3a74ef8e7fffd65523d4299c942075cc6", "size": 89386, "path": "media/images/inference/plot_118_fd87df0cc940eb5bfbe0.png", "format": "png", "width": 2000, "height": 1000}, "_timestamp": 1708088780.0899658, "_runtime": 71.0586428642273, "_step": 119, "inference/Mean Iou": 0.5985662583305936, "inference/Iou for each class": [0.995352005789338, 0.4257654823811775, 0.7713670342800097], "_wandb": {"runtime": 70}}