{"inference/plot": {"_type": "image-file", "sha256": "a82781da7d054fb26524fa0ed4a8cb9c48a8e306ade4e3642db4c1aa7d67f1d8", "size": 27047, "path": "media/images/inference/plot_118_a82781da7d054fb26524.png", "format": "png", "width": 2000, "height": 1000}, "_timestamp": 1709287057.9815128, "_runtime": 75.02605772018433, "_step": 119, "inference/Mean Iou": 0.6654926438770025, "inference/Iou for each class": [0.9962363586648996, 0.5771569401756573, 0.7538283475783476], "_wandb": {"runtime": 74}}