{"train/train_loss": 0.3148677334189415, "train/train_iou": 0.6405325217874903, "train/lr": 9.842915805643157e-05, "train/epoch": 8, "_timestamp": 1705676752.139853, "_runtime": 442.2668890953064, "_step": 23, "val/val_loss": 0.32354213297367096, "val/val_iou": 0.6601191077528906, "val/epoch": 8, "train/plot": {"_type": "image-file", "sha256": "e9ae872f1c6774276d4e3de8e44ac36aaeee0b38d8a996a49fbdc8bf2bc25cf3", "size": 114795, "path": "media/images/train/plot_23_e9ae872f1c6774276d4e.png", "format": "png", "width": 2000, "height": 1000}, "_wandb": {"runtime": 465}}