{"inference/plot": {"_type": "image-file", "sha256": "98b07b6e5a554d095b9eaf4f8c306d8520b6705fc495cbc9263fe18fa614ca02", "size": 83431, "path": "media/images/inference/plot_118_98b07b6e5a554d095b9e.png", "format": "png", "width": 2000, "height": 1000}, "_timestamp": 1702768223.4377074, "_runtime": 88.61350345611572, "_step": 119, "inference/Mean Iou": 0.6773343132487387, "inference/Iou for each class": [0.9947075065874107, 0.36724020684627917, 0.6700552263125261], "_wandb": {"runtime": 87}}