{"inference/plot": {"_type": "image-file", "sha256": "5fabe07fa665a71048ff19432d3a08647cdf3de6ba3294cd1214df666b4d6809", "size": 20976, "path": "media/images/inference/plot_118_5fabe07fa665a71048ff.png", "format": "png", "width": 2000, "height": 1000}, "_timestamp": 1709297698.8407369, "_runtime": 55.45914387702942, "_step": 119, "inference/Mean Iou (annotator1)": 0.6386393950247145, "inference/Iou for each class (annotator1)": [0.9815632037000518, 0.5315252665123406, 0.7457535235370882, 0.6593847525145352], "inference/Mean Iou (annotator2)": 0.589190428968595, "inference/Iou for each class (annotator2)": [0.9763737836813741, 0.3764064097765193, 0.8019744481606708, 0.5449567083145891], "_wandb": {"runtime": 54}}