{"inference/plot": {"_type": "image-file", "sha256": "816eabe4721f2a3243520c7809f41ba269affd22d574c5c57ca6fbc4d0bad4e5", "size": 67974, "path": "media/images/inference/plot_118_816eabe4721f2a324352.png", "format": "png", "width": 2000, "height": 1000}, "_timestamp": 1709299204.7876675, "_runtime": 84.98705339431763, "_step": 119, "inference/Mean Iou (annotator1)": 0.6034538462468131, "inference/Iou for each class (annotator1)": [0.9952892502197175, 0.4677169586731522, 0.739190733820474, 0.588104340260198], "inference/Mean Iou (annotator2)": 0.5520670350790412, "inference/Iou for each class (annotator2)": [0.9948951431275509, 0.36936173203212924, 0.7347723381259531, 0.5193697720247705], "_wandb": {"runtime": 83}}