{"inference/Mean Iou oneclass (annotator1)": 0.5387228663333704, "inference/Iou for each class oneclass (annotator1)": [0.9946221671328958, 0.5387228663333704], "inference/Mean Iou oneclass (annotator2)": 0.481388756060802, "inference/Iou for each class oneclass (annotator2)": [0.9943622813801763, 0.481388756060802], "inference/Mean Iou oneclass (intersection)": 0.5134985365308449, "inference/Iou for each class oneclass (intersection)": [0.9954818983197538, 0.5134985365308449], "inference/Mean Iou oneclass (union)": 0.5082520385561726, "inference/Iou for each class oneclass (union)": [0.9934997141546159, 0.5082520385561726], "inference/Mean Iou oneclass (feeling lucky)": 0.5090183168730635, "inference/Iou for each class oneclass (feeling lucky)": [0.9944916893667406, 0.5090183168730635], "inference/Mean Iou multiclass (annotator1)": 0.5661002983727481, "inference/Iou for each class multiclass (annotator1)": [0.9944486792646575, 0.41469175233151684, 0.7175088444139793], "inference/Mean Iou multiclass (annotator2)": 0.5123648902760076, "inference/Iou for each class multiclass (annotator2)": [0.9940251960922657, 0.31979802455249934, 0.704931755999516], "inference/Mean Iou multiclass (intersection)": 0.5181944382903573, "inference/Iou for each class multiclass (intersection)": [0.9949120518905898, 0.3249566031713031, 0.7114322734094115], "inference/Mean Iou multiclass (union)": 0.5533379447492522, "inference/Iou for each class multiclass (union)": [0.9934415537926778, 0.3943865655303152, 0.7122893239681892], "inference/Mean Iou multiclass (feeling lucky)": 0.5374291560575432, "inference/Iou for each class multiclass (feeling lucky)": [0.9942064214782934, 0.3653987223498658, 0.7094595897652205], "inference/Optimal threshold multiclass": 0.4251968562602997, "inference/Optimal IoU multiclass": 0.5682257302053635, "inference/Optimal threshold oneclass": 0.21653543412685394, "inference/Optimal IoU oneclass": 0.5444574433219503, "_timestamp": 1713274324.8542244, "_runtime": 194.49849438667297, "_step": 0, "_wandb": {"runtime": 193}}