{"train/train_loss": 0.13675264976918697, "train/train_iou": 0.7490939053622159, "train/lr": 9.998903417374228e-05, "train/epoch": 2, "_timestamp": 1708691488.4560063, "_runtime": 111.07139539718628, "_step": 5, "val/val_iou": 0.7498279918323864, "val/epoch": 2, "val/plot": {"_type": "image-file", "sha256": "299c78b8530e98e4e0dd74f7b3f95d9e6e5c832c24c153162c0696b3f0afe40a", "size": 114331, "path": "media/images/val/plot_5_299c78b8530e98e4e0dd.png", "format": "png", "width": 2000, "height": 1000}, "_wandb": {"runtime": 113}}