{"train/train_loss": 0.6203319893942939, "train/lr": 9.999725846827562e-05, "train/epoch": 1, "_timestamp": 1704446584.42087, "_runtime": 75.03329110145569, "_step": 2, "val/val_loss": 0.40821921825408936, "val/val_iou": 0.6540552362513012, "val/epoch": 1, "train/plot": {"_type": "image-file", "sha256": "ad8993f6143f102159546f3d96e0bc071c100992aa7927719c43e6444004ec42", "size": 94389, "path": "media/images/train/plot_2_ad8993f6143f10215954.png", "format": "png", "width": 2000, "height": 1000}, "_wandb": {"runtime": 73}}