{"train/train_loss": 0.5687314510345459, "train/train_iou": 0.7490926370992289, "train/lr": 9.995614150494293e-05, "train/epoch": 4, "_timestamp": 1709036039.3604372, "_runtime": 156.8858060836792, "_step": 11, "val/val_iou": 0.7748598501680332, "val/epoch": 4, "val/plot": {"_type": "image-file", "sha256": "7d0b68654030bb8019f72b663b51caea8f225545b4ef920cbd1a2b0837e7a7c9", "size": 134547, "path": "media/images/val/plot_11_7d0b68654030bb8019f7.png", "format": "png", "width": 2000, "height": 1000}, "_wandb": {"runtime": 177}}