{"train/train_loss": 0.5326873451471329, "train/train_iou": 0.29013601411893847, "train/lr": 9.966863828001983e-05, "train/epoch": 11, "_timestamp": 1707936023.753946, "_runtime": 271.4359061717987, "_step": 32, "val/val_iou": 0.2745204970306903, "val/epoch": 11, "val/plot": {"_type": "image-file", "sha256": "c5b0de28e85fabff9461ccfcbef1afeace897644fb08cbc53c00eb0964cf2369", "size": 19809, "path": "media/images/val/plot_32_c5b0de28e85fabff9461.png", "format": "png", "width": 2000, "height": 1000}, "_wandb": {"runtime": 279}}