{"inference/plot": {"_type": "image-file", "sha256": "b4e94c140d3146ad44737b95bc94a4001b262c23f885eb1f7b79431603a009ec", "size": 26824, "path": "media/images/inference/plot_118_b4e94c140d3146ad4473.png", "format": "png", "width": 2000, "height": 1000}, "_timestamp": 1709285854.9723463, "_runtime": 76.23838138580322, "_step": 119, "inference/Mean Iou": 0.6442496480867709, "inference/Iou for each class": [0.995752556020715, 0.558817515760777, 0.7296817804127648], "_wandb": {"runtime": 75}}