{"train/train_loss": 1.483924573659897, "train/train_iou_multiclass": 0.9792385822075245, "train/train_iou_oneclass": 0.9796267354717522, "train/lr": 9.999725846827562e-05, "train/epoch": 1, "_timestamp": 1712862583.788865, "_runtime": 79.05486416816711, "_step": 2, "val/val_iou_multiclass": 0.9935158694976531, "val/val_iou_oneclass": 0.990111077771666, "val/epoch": 1, "val/plot": {"_type": "image-file", "sha256": "d4a85acb2e379617967a67d9f65dac1568b34a32de984cca983bc3a2c8630427", "size": 275084, "path": "media/images/val/plot_2_d4a85acb2e379617967a.png", "format": "png", "width": 2000, "height": 1000}, "_wandb": {"runtime": 78}}