{"inference/plot": {"_type": "image-file", "sha256": "fca72997cf7698cefe60654c537bfdd7e6ecde54f67188f850ed30e6e8c674b5", "size": 88574, "path": "media/images/inference/plot_118_fca72997cf7698cefe60.png", "format": "png", "width": 2000, "height": 1000}, "_timestamp": 1709288076.4072733, "_runtime": 85.00032639503479, "_step": 119, "inference/Mean Iou": 0.5708945152760803, "inference/Iou for each class": [0.9964859003440335, 0.37129930598260563, 0.770489724569555], "_wandb": {"runtime": 84}}