{"train/train_loss": 0.08207887858152389, "train/train_iou": 0.7490907347047486, "train/lr": 9.99314767377287e-05, "train/epoch": 5, "_timestamp": 1708693601.9760003, "_runtime": 178.82935619354248, "_step": 14, "val/val_iou": 0.7498279918323864, "val/epoch": 5, "val/plot": {"_type": "image-file", "sha256": "784011d4465dbfd4bc00e5ed63fa73d114c08579bea2a00eb721ac7f009c252a", "size": 174392, "path": "media/images/val/plot_14_784011d4465dbfd4bc00.png", "format": "png", "width": 2000, "height": 1000}, "_wandb": {"runtime": 180}}