{"inference/Mean Iou oneclass (annotator1)": 0.5263750593745131, "inference/Iou for each class oneclass (annotator1)": [0.993901179765831, 0.5263750593745131], "inference/Mean Iou oneclass (annotator2)": 0.4737083645453187, "inference/Iou for each class oneclass (annotator2)": [0.9936730367839288, 0.4737083645453187], "inference/Mean Iou oneclass (intersection)": 0.4968618999226914, "inference/Iou for each class oneclass (intersection)": [0.9947025631590614, 0.4968618999226914], "inference/Mean Iou oneclass (union)": 0.5038674663510954, "inference/Iou for each class oneclass (union)": [0.9928689527154676, 0.5038674663510954], "inference/Mean Iou oneclass (feeling lucky)": 0.4991742063076378, "inference/Iou for each class oneclass (feeling lucky)": [0.9937858112773531, 0.4991742063076378], "inference/Mean Iou multiclass (annotator1)": 0.12862149850971769, "inference/Iou for each class multiclass (annotator1)": [0.993901179765831, 0.25724299701943537, 0.0], "inference/Mean Iou multiclass (annotator2)": 0.10537295750667657, "inference/Iou for each class multiclass (annotator2)": [0.9936730367839288, 0.21074591501335313, 0.0], "inference/Mean Iou multiclass (intersection)": 0.09693420856030911, "inference/Iou for each class multiclass (intersection)": [0.9945778242461412, 0.19386841712061822, 0.0], "inference/Mean Iou multiclass (union)": 0.1264155050326665, "inference/Iou for each class multiclass (union)": [0.9928689527154676, 0.252831010065333, 0.0], "inference/Mean Iou multiclass (feeling lucky)": 0.11509238762919378, "inference/Iou for each class multiclass (feeling lucky)": [0.993761545720312, 0.23018477525838757, 0.0], "_timestamp": 1713222401.1467001, "_runtime": 74.21334719657898, "_step": 0, "_wandb": {"runtime": 73}}