{"train/train_loss": 0.7299825305288489, "train/train_iou": 0.6258820035149604, "train/lr": 9.990133642141359e-05, "train/epoch": 2, "_timestamp": 1705074318.3999574, "_runtime": 158.54599237442017, "_step": 5, "val/val_loss": 0.6708342134952545, "val/val_iou": 0.591304547120487, "val/epoch": 2, "train/plot": {"_type": "image-file", "sha256": "ecdb6555659b0811f65fd2be3c5297ce8c3ca467a78fdaa89b896fec53230c02", "size": 120514, "path": "media/images/train/plot_5_ecdb6555659b0811f65f.png", "format": "png", "width": 2000, "height": 1000}, "_wandb": {"runtime": 202}}